{
    "adafruit_feather_f405": "FEATHER_F405",
    "blackpill_f103c8_128": "BLACKPILL_F103C8",
    "blackpill_f401ce": "BLACKPILL_F401CC",
    "coreboard_f401rc": "CoreBoard_F401RC",
    "disco_g031j6": "DISCO_G0316",
    "disco_l072cz_lrwan1": "B_L072Z_LRWAN1",
    "disco_l475vg_iot01a": "B_L475E_IOT01A",
    "disco_l4s5i_iot01a": "B_L4S5I_IOT01A",
    "electrosmith_daisy": "DAISY_SEED",
    "maple_mini_origin": "MAPLEMINI_F103CB",
    "microduino32_flash": "GENERIC_F103C8TX",
    "netduino2plus": "GENERIC_F405RGTX",
    "nucleo_wb55rg_p": "P_NUCLEO_WB55RG",
    "olimex_e407": "GENERIC_F407ZGTX",
    "olimex_f103": "GENERIC_F103R8TX",
    "olimex_h407": "GENERIC_F407ZGTX",
    "olimex_p405": "GENERIC_F405RGTX",
    "olimexino": "GENERIC_F103RBTX",
    "piconomix_px_her0": "PX_HER0",
    "rak811_tracker_32": "RAK811_TRACKERA",
    "robotdyn_blackpill_f303cc": "BLACKPILL_F303CC",
    "rumba32_f446ve": "RUMBA32",
    "sparkfun_micromod_stm32f405": "MICROMOD_F405",
    "sparkfun_micromod_stm32wb5mmg": "SFE_MMPB_STM32WB5MMG",
    "sparky_v1": "SPARKY_F303CC",
    "steval_mksboxv1": "STEVAL_MKSBOX1V1",
    "stm32f4stamp": "GENERIC_F405RGTX",
    "thunder_pack": "THUNDERPACK_L072",
    "thunder_pack_f411": "THUNDERPACK_F411",
    "vccgnd_f103zet6": "VCCGND_F103ZET6_MINI",
    "waveshare_open103z": "GENERIC_F103ZEHX",
    "bw_swan_r5": "SWAN_R5",
    "disco_b_g431b_esc1": "B_G431B_ESC1",
    "disco_b_u585i_iot02a": "B_U585I_IOT02A",
    "nucleo_wl55jc": "NUCLEO_WL55JC1"
}
